instrument,symbol,expiryDate,strikePrice,optionType,contracts,hammer,cmTdyClose,cmPrcntChgInClose,foTdyClose,foPrcntChgInClose,tdyOI,prcntChgInOI,tdyDelivery,prcntChgInDelivery,tdyDate,cmPrevsClose,foPrevsClose,prevsOI,prevsDelivery,prevsDate
FUTSTK,MUTHOOTFIN,29-Aug-0019,0.0,XX,1029,,622.95,-2.0,624.1,0.0,793500,0.0,246471,-33.0,28-Aug-0019,635.5,624.1,793500,370427,28-Aug-0019
FUTSTK,BSOFT,29-Aug-0019,0.0,XX,470,,66.95,4.0,67.0,0.0,816000,0.0,366370,-52.0,28-Aug-0019,64.55,67.0,816000,755705,28-Aug-0019
FUTSTK,ICICIPRULI,29-Aug-0019,0.0,XX,5760,,416.95,5.0,418.2,0.0,1596000,0.0,1979369,169.0,28-Aug-0019,398.95,418.2,1596000,735112,28-Aug-0019
FUTSTK,GRASIM,29-Aug-0019,0.0,XX,5033,,713.5,-1.0,714.05,0.0,1546500,0.0,280182,-61.0,28-Aug-0019,723.95,714.05,1546500,710794,28-Aug-0019
FUTSTK,PETRONET,29-Aug-0019,0.0,XX,2420,Hammer,260.05,1.0,259.65,0.0,2880000,0.0,1759736,-63.0,28-Aug-0019,258.5,259.65,2880000,4745948,28-Aug-0019
FUTSTK,BANKINDIA,29-Aug-0019,0.0,XX,4345,,67.7,-2.0,67.8,0.0,6918000,0.0,639412,-25.0,28-Aug-0019,69.3,67.8,6918000,849907,28-Aug-0019
FUTSTK,CONCOR,29-Aug-0019,0.0,XX,831,,485.2,-2.0,486.8,0.0,653334,0.0,317955,-54.0,28-Aug-0019,495.8,486.8,653334,692941,28-Aug-0019
FUTSTK,ASHOKLEY,29-Aug-0019,0.0,XX,8828,,66.75,0.0,66.4,0.0,18300000,0.0,4909290,-65.0,28-Aug-0019,66.65,66.4,18300000,13933460,28-Aug-0019
FUTSTK,STAR,29-Aug-0019,0.0,XX,1333,,373.75,-1.0,374.15,0.0,884400,0.0,81539,-45.0,28-Aug-0019,378.75,374.15,884400,148723,28-Aug-0019
FUTSTK,IDEA,29-Aug-0019,0.0,XX,9148,,5.0,-6.0,4.95,0.0,201880000,0.0,46816890,-7.0,28-Aug-0019,5.3,4.95,201880000,50101511,28-Aug-0019
FUTSTK,INDIGO,29-Aug-0019,0.0,XX,5635,,1659.25,1.0,1659.15,0.0,981000,0.0,84891,-74.0,28-Aug-0019,1648.6,1659.15,981000,322513,28-Aug-0019
FUTSTK,MGL,29-Aug-0019,0.0,XX,1967,,855.35,-1.0,846.15,0.0,993000,0.0,165941,-83.0,28-Aug-0019,861.15,846.15,993000,990345,28-Aug-0019
FUTSTK,M&MFIN,29-Aug-0019,0.0,XX,4595,,319.75,-5.0,319.8,0.0,1775000,0.0,518384,-74.0,28-Aug-0019,337.1,319.8,1775000,2027237,28-Aug-0019
FUTSTK,AMARAJABAT,29-Aug-0019,0.0,XX,1380,,612.6,-2.0,611.9,0.0,614600,0.0,63147,20.0,28-Aug-0019,622.7,611.9,614600,52836,28-Aug-0019
FUTSTK,TATACHEM,29-Aug-0019,0.0,XX,2064,,565.0,1.0,565.45,0.0,516600,0.0,205659,-35.0,28-Aug-0019,559.7,565.45,516600,316987,28-Aug-0019
FUTSTK,HDFC,29-Aug-0019,0.0,XX,16787,,2187.15,1.0,2184.05,0.0,4724000,0.0,1675762,-67.0,28-Aug-0019,2174.3,2184.05,4724000,5104126,28-Aug-0019
FUTSTK,BHARTIARTL,29-Aug-0019,0.0,XX,8529,,345.8,-1.0,345.65,0.0,9654816,0.0,1993897,-92.0,28-Aug-0019,348.3,345.65,9654816,24092969,28-Aug-0019
FUTSTK,EXIDEIND,29-Aug-0019,0.0,XX,1183,,178.4,-2.0,178.45,0.0,2836800,0.0,200726,-25.0,28-Aug-0019,182.85,178.45,2836800,265950,28-Aug-0019
FUTSTK,ADANIPORTS,29-Aug-0019,0.0,XX,3155,,365.95,-2.0,366.8,0.0,5642500,0.0,853895,-33.0,28-Aug-0019,372.05,366.8,5642500,1277053,28-Aug-0019
FUTSTK,BAJAJFINSV,29-Aug-0019,0.0,XX,4915,,7035.95,-1.0,7043.25,0.0,255625,0.0,73053,-71.0,28-Aug-0019,7126.5,7043.25,255625,248332,28-Aug-0019
FUTSTK,MCDOWELL-N,29-Aug-0019,0.0,XX,3341,,599.8,0.0,600.2,0.0,2567500,0.0,434230,-57.0,28-Aug-0019,599.55,600.2,2567500,1005844,28-Aug-0019
FUTSTK,TATAMOTORS,29-Aug-0019,0.0,XX,24633,,116.35,-3.0,116.35,0.0,16221000,0.0,4810892,-47.0,28-Aug-0019,120.35,116.35,16221000,9082917,28-Aug-0019
FUTSTK,SUNPHARMA,29-Aug-0019,0.0,XX,11298,,413.1,-1.0,412.65,0.0,9013400,0.0,506965,-81.0,28-Aug-0019,416.75,412.65,9013400,2725453,28-Aug-0019
FUTSTK,JINDALSTEL,29-Aug-0019,0.0,XX,8963,,95.8,-8.0,95.8,0.0,8604800,0.0,3165541,71.0,28-Aug-0019,104.05,95.8,8604800,1852197,28-Aug-0019
FUTSTK,LUPIN,29-Aug-0019,0.0,XX,3377,,732.1,-1.0,733.1,0.0,1814400,0.0,177284,-56.0,28-Aug-0019,738.85,733.1,1814400,402792,28-Aug-0019
FUTSTK,NESTLEIND,29-Aug-0019,0.0,XX,3735,,12517.4,0.0,12527.65,0.0,55750,0.0,51284,-19.0,28-Aug-0019,12472.35,12527.65,55750,63068,28-Aug-0019
FUTSTK,RELCAPITAL,29-Aug-0019,0.0,XX,3322,,34.65,-4.0,34.6,0.0,4905000,0.0,1412300,-24.0,28-Aug-0019,36.2,34.6,4905000,1850083,28-Aug-0019
FUTSTK,CESC,29-Aug-0019,0.0,XX,748,,765.6,-1.0,764.7,0.0,188800,0.0,119730,15.0,28-Aug-0019,775.75,764.7,188800,104246,28-Aug-0019
FUTSTK,BERGEPAINT,29-Aug-0019,0.0,XX,829,,366.4,0.0,366.4,0.0,1262800,0.0,236668,-38.0,28-Aug-0019,368.05,366.4,1262800,382333,28-Aug-0019
FUTSTK,SIEMENS,29-Aug-0019,0.0,XX,969,,1177.95,-2.0,1176.5,0.0,411950,0.0,28761,-81.0,28-Aug-0019,1196.8,1176.5,411950,153207,28-Aug-0019
FUTSTK,BOSCHLTD,29-Aug-0019,0.0,XX,1922,,14198.45,-2.0,14146.9,0.0,31320,0.0,3841,-75.0,28-Aug-0019,14494.2,14146.9,31320,15155,28-Aug-0019
FUTSTK,SRTRANSFIN,29-Aug-0019,0.0,XX,2962,,991.65,-3.0,992.55,0.0,1244400,0.0,278787,-50.0,28-Aug-0019,1019.6,992.55,1244400,559342,28-Aug-0019
FUTSTK,MANAPPURAM,29-Aug-0019,0.0,XX,1350,,121.5,-1.0,121.4,0.0,4620000,0.0,761714,-83.0,28-Aug-0019,122.4,121.4,4620000,4492182,28-Aug-0019
FUTSTK,TATASTEEL,29-Aug-0019,0.0,XX,16874,,336.95,-4.0,337.05,0.0,10090110,0.0,1663311,-56.0,28-Aug-0019,350.9,337.05,10090110,3820125,28-Aug-0019
FUTSTK,GAIL,29-Aug-0019,0.0,XX,4152,,128.05,-2.0,128.15,0.0,12540234,0.0,6092470,-42.0,28-Aug-0019,130.2,128.15,12540234,10419715,28-Aug-0019
FUTSTK,GMRINFRA,29-Aug-0019,0.0,XX,1392,,15.25,-1.0,15.3,0.0,58950000,0.0,1546568,-84.0,28-Aug-0019,15.45,15.3,58950000,9777809,28-Aug-0019
FUTSTK,BAJFINANCE,29-Aug-0019,0.0,XX,17492,,3326.35,-1.0,3328.85,0.0,1228250,0.0,145691,-71.0,28-Aug-0019,3357.75,3328.85,1228250,500362,28-Aug-0019
FUTSTK,HEXAWARE,29-Aug-0019,0.0,XX,1174,,386.65,-2.0,387.75,0.0,895500,0.0,193712,-50.0,28-Aug-0019,393.15,387.75,895500,388399,28-Aug-0019
FUTSTK,MCX,29-Aug-0019,0.0,XX,1883,,942.75,3.0,942.7,0.0,435400,0.0,335481,34.0,28-Aug-0019,913.2,942.7,435400,250428,28-Aug-0019
FUTSTK,COLPAL,29-Aug-0019,0.0,XX,1191,,1213.05,1.0,1215.8,0.0,406700,0.0,91776,-34.0,28-Aug-0019,1202.05,1215.8,406700,139849,28-Aug-0019
FUTSTK,DLF,29-Aug-0019,0.0,XX,11150,,164.2,2.0,163.65,0.0,8537200,0.0,3961259,435.0,28-Aug-0019,160.75,163.65,8537200,740944,28-Aug-0019
FUTSTK,VEDL,29-Aug-0019,0.0,XX,8867,,132.35,-4.0,132.35,0.0,15513000,0.0,1883141,-53.0,28-Aug-0019,138.1,132.35,15513000,3987942,28-Aug-0019
FUTSTK,SBIN,29-Aug-0019,0.0,XX,20180,,284.9,0.0,284.5,0.0,37872000,0.0,5072283,-72.0,28-Aug-0019,285.7,284.5,37872000,18294675,28-Aug-0019
FUTSTK,MOTHERSUMI,29-Aug-0019,0.0,XX,6424,,97.6,-4.0,97.65,0.0,10022100,0.0,2242455,-48.0,28-Aug-0019,101.75,97.65,10022100,4291065,28-Aug-0019
FUTSTK,PIDILITIND,29-Aug-0019,0.0,XX,2128,,1378.35,0.0,1377.65,0.0,497000,0.0,53096,-83.0,28-Aug-0019,1371.85,1377.65,497000,308885,28-Aug-0019
FUTSTK,ENGINERSIN,29-Aug-0019,0.0,XX,1066,,104.1,-2.0,104.25,0.0,2143600,0.0,762135,-4.0,28-Aug-0019,106.05,104.25,2143600,797226,28-Aug-0019
FUTSTK,BIOCON,29-Aug-0019,0.0,XX,4500,,220.85,-3.0,220.35,0.0,1857600,0.0,1203031,-19.0,28-Aug-0019,228.85,220.35,1857600,1485671,28-Aug-0019
FUTSTK,OIL,29-Aug-0019,0.0,XX,1289,,144.0,-3.0,144.0,0.0,1515954,0.0,834422,-34.0,28-Aug-0019,149.0,144.0,1515954,1260545,28-Aug-0019
FUTSTK,TORNTPOWER,29-Aug-0019,0.0,XX,961,,280.85,-1.0,280.25,0.0,1140000,0.0,298700,-21.0,28-Aug-0019,283.35,280.25,1140000,376351,28-Aug-0019
FUTSTK,IBULHSGFIN,29-Aug-0019,0.0,XX,30308,,457.25,-3.0,456.35,0.0,5761600,0.0,1325787,-30.0,28-Aug-0019,471.5,456.35,5761600,1887161,28-Aug-0019
FUTSTK,DIVISLAB,29-Aug-0019,0.0,XX,3285,,1576.65,-1.0,1578.25,0.0,392000,0.0,124408,-64.0,28-Aug-0019,1593.55,1578.25,392000,348938,28-Aug-0019
FUTSTK,UJJIVAN,29-Aug-0019,0.0,XX,3005,,283.8,-2.0,284.0,0.0,2209600,0.0,248504,-79.0,28-Aug-0019,291.0,284.0,2209600,1168716,28-Aug-0019
FUTSTK,OFSS,29-Aug-0019,0.0,XX,210,,3006.45,0.0,3005.85,0.0,74400,0.0,7262,0.0,28-Aug-0019,3010.7,3005.85,74400,7239,28-Aug-0019
FUTSTK,ULTRACEMCO,29-Aug-0019,0.0,XX,5331,,4119.8,0.0,4126.0,0.0,651200,0.0,199195,-78.0,28-Aug-0019,4135.7,4126.0,651200,888730,28-Aug-0019
FUTSTK,LICHSGFIN,29-Aug-0019,0.0,XX,5663,,417.8,-2.0,417.7,0.0,3117400,0.0,1148108,-34.0,28-Aug-0019,427.6,417.7,3117400,1733393,28-Aug-0019
FUTSTK,NATIONALUM,29-Aug-0019,0.0,XX,1302,,39.85,-2.0,39.8,0.0,6280000,0.0,1472517,-27.0,28-Aug-0019,40.8,39.8,6280000,2013296,28-Aug-0019
FUTSTK,IDFCFIRSTB,29-Aug-0019,0.0,XX,5954,,42.15,-3.0,41.75,0.0,24900000,0.0,9043057,53.0,28-Aug-0019,43.25,41.75,24900000,5919746,28-Aug-0019
FUTSTK,CIPLA,29-Aug-0019,0.0,XX,4717,,464.25,0.0,465.2,0.0,3357000,0.0,470499,-72.0,28-Aug-0019,465.35,465.2,3357000,1696215,28-Aug-0019
FUTSTK,EICHERMOT,29-Aug-0019,0.0,XX,10085,,16297.45,2.0,16308.1,0.0,127000,0.0,63635,-52.0,28-Aug-0019,15995.4,16308.1,127000,131804,28-Aug-0019
FUTSTK,AMBUJACEM,29-Aug-0019,0.0,XX,2794,,205.0,0.0,205.05,0.0,4557500,0.0,576190,-44.0,28-Aug-0019,205.1,205.05,4557500,1021959,28-Aug-0019
FUTSTK,ITC,29-Aug-0019,0.0,XX,12495,Hammer,245.95,0.0,245.4,0.0,29829600,0.0,5401010,-48.0,28-Aug-0019,245.5,245.4,29829600,10404417,28-Aug-0019
FUTSTK,ADANIENT,29-Aug-0019,0.0,XX,2995,Hammer,135.95,-1.0,135.2,0.0,6692000,0.0,976233,71.0,28-Aug-0019,137.15,135.2,6692000,571911,28-Aug-0019
FUTSTK,HDFCBANK,29-Aug-0019,0.0,XX,29156,Hammer,2247.5,-1.0,2249.5,0.0,7300000,0.0,1934486,-41.0,28-Aug-0019,2259.95,2249.5,7300000,3252574,28-Aug-0019
FUTSTK,CENTURYTEX,29-Aug-0019,0.0,XX,3146,,847.2,-1.0,846.35,0.0,682800,0.0,54079,-45.0,28-Aug-0019,851.95,846.35,682800,97899,28-Aug-0019
FUTSTK,TCS,29-Aug-0019,0.0,XX,20743,Hammer,2239.25,0.0,2240.3,0.0,2880250,0.0,538431,-78.0,28-Aug-0019,2236.5,2240.3,2880250,2396488,28-Aug-0019
FUTSTK,TATAMTRDVR,29-Aug-0019,0.0,XX,3753,,53.65,-4.0,53.6,0.0,9606000,0.0,1473573,-60.0,28-Aug-0019,55.85,53.6,9606000,3649572,28-Aug-0019
FUTSTK,JUBLFOOD,29-Aug-0019,0.0,XX,4980,,1185.25,-1.0,1187.85,0.0,480500,0.0,291755,7.0,28-Aug-0019,1197.8,1187.85,480500,273663,28-Aug-0019
FUTSTK,VOLTAS,29-Aug-0019,0.0,XX,2778,,625.05,1.0,626.05,0.0,1184000,0.0,639060,-54.0,28-Aug-0019,618.25,626.05,1184000,1386628,28-Aug-0019
FUTSTK,L&TFH,29-Aug-0019,0.0,XX,4936,,94.5,-4.0,94.65,0.0,9598500,0.0,1787261,19.0,28-Aug-0019,98.25,94.65,9598500,1502353,28-Aug-0019
FUTSTK,RELINFRA,29-Aug-0019,0.0,XX,2024,,38.3,-5.0,38.25,0.0,4332000,0.0,2197027,-37.0,28-Aug-0019,40.15,38.25,4332000,3501097,28-Aug-0019
FUTSTK,ARVIND,29-Aug-0019,0.0,XX,1251,,46.55,-4.0,46.5,0.0,2106000,0.0,810251,-48.0,28-Aug-0019,48.55,46.5,2106000,1543901,28-Aug-0019
FUTSTK,MFSL,29-Aug-0019,0.0,XX,1066,,430.25,-2.0,431.0,0.0,778800,0.0,647242,9.0,28-Aug-0019,439.2,431.0,778800,594805,28-Aug-0019
FUTSTK,CUMMINSIND,29-Aug-0019,0.0,XX,2141,,569.6,0.0,570.25,0.0,739200,0.0,632514,153.0,28-Aug-0019,568.2,570.25,739200,250149,28-Aug-0019
FUTSTK,CADILAHC,29-Aug-0019,0.0,XX,3445,,223.25,2.0,222.5,0.0,1763200,0.0,1509455,52.0,28-Aug-0019,218.15,222.5,1763200,991243,28-Aug-0019
FUTSTK,GODREJCP,29-Aug-0019,0.0,XX,3158,Hammer,600.2,-1.0,598.5,0.0,1068000,0.0,565447,-24.0,28-Aug-0019,603.6,598.5,1068000,746371,28-Aug-0019
FUTSTK,DRREDDY,29-Aug-0019,0.0,XX,4701,,2512.1,-1.0,2514.85,0.0,786750,0.0,118396,-60.0,28-Aug-0019,2540.7,2514.85,786750,293658,28-Aug-0019
FUTSTK,FEDERALBNK,29-Aug-0019,0.0,XX,3459,,81.85,-3.0,81.85,0.0,16632000,0.0,6470035,5.0,28-Aug-0019,84.05,81.85,16632000,6164526,28-Aug-0019
FUTSTK,NMDC,29-Aug-0019,0.0,XX,2770,,81.0,-3.0,80.9,0.0,5466000,0.0,939600,-65.0,28-Aug-0019,83.8,80.9,5466000,2714104,28-Aug-0019
FUTSTK,EQUITAS,29-Aug-0019,0.0,XX,2081,,105.0,-5.0,104.7,0.0,4120000,0.0,659701,-41.0,28-Aug-0019,110.2,104.7,4120000,1119428,28-Aug-0019
FUTSTK,PAGEIND,29-Aug-0019,0.0,XX,3450,,18061.55,-1.0,18120.8,0.0,59025,0.0,8193,-12.0,28-Aug-0019,18231.35,18120.8,59025,9305,28-Aug-0019
FUTSTK,ICICIBANK,29-Aug-0019,0.0,XX,22953,,412.95,-1.0,412.95,0.0,29635375,0.0,6401746,-62.0,28-Aug-0019,418.6,412.95,29635375,16792147,28-Aug-0019
FUTSTK,BRITANNIA,29-Aug-0019,0.0,XX,6921,,2703.1,1.0,2706.4,0.0,340600,0.0,251804,-63.0,28-Aug-0019,2685.9,2706.4,340600,672535,28-Aug-0019
FUTSTK,UPL,29-Aug-0019,0.0,XX,6144,,557.0,0.0,556.7,0.0,2306700,0.0,665977,-67.0,28-Aug-0019,556.0,556.7,2306700,2039300,28-Aug-0019
FUTSTK,BALKRISIND,29-Aug-0019,0.0,XX,1683,,745.0,-1.0,745.8,0.0,640000,0.0,24318,-76.0,28-Aug-0019,748.8,745.8,640000,101712,28-Aug-0019
FUTSTK,SHREECEM,29-Aug-0019,0.0,XX,1264,,19110.2,0.0,19119.9,0.0,35200,0.0,2690,-79.0,28-Aug-0019,19066.8,19119.9,35200,12919,28-Aug-0019
FUTSTK,NTPC,29-Aug-0019,0.0,XX,8206,,119.9,-3.0,119.8,0.0,29059200,0.0,6728930,-53.0,28-Aug-0019,123.2,119.8,29059200,14175245,28-Aug-0019
FUTSTK,TORNTPHARM,29-Aug-0019,0.0,XX,847,,1668.8,-1.0,1670.3,0.0,277000,0.0,42047,-22.0,28-Aug-0019,1684.5,1670.3,277000,53956,28-Aug-0019
FUTSTK,PNB,29-Aug-0019,0.0,XX,9863,,65.65,-2.0,65.7,0.0,27440000,0.0,3308203,-7.0,28-Aug-0019,67.15,65.7,27440000,3548831,28-Aug-0019
FUTSTK,PVR,29-Aug-0019,0.0,XX,1764,,1580.15,1.0,1579.7,0.0,286400,0.0,49329,-49.0,28-Aug-0019,1565.9,1579.7,286400,97001,28-Aug-0019
FUTSTK,RAYMOND,29-Aug-0019,0.0,XX,1792,,572.25,-3.0,573.2,0.0,855200,0.0,108645,-13.0,28-Aug-0019,587.25,573.2,855200,124869,28-Aug-0019
FUTSTK,WIPRO,29-Aug-0019,0.0,XX,3376,,249.25,0.0,249.65,0.0,6400000,0.0,1015269,-48.0,28-Aug-0019,250.1,249.65,6400000,1935704,28-Aug-0019
FUTSTK,JSWSTEEL,29-Aug-0019,0.0,XX,10732,,205.75,-4.0,206.0,0.0,6508000,0.0,1543106,-67.0,28-Aug-0019,213.4,206.0,6508000,4678937,28-Aug-0019
FUTSTK,RECLTD,29-Aug-0019,0.0,XX,2746,,140.9,-3.0,140.9,0.0,6330000,0.0,1329014,-44.0,28-Aug-0019,145.1,140.9,6330000,2365923,28-Aug-0019
FUTSTK,MINDTREE,29-Aug-0019,0.0,XX,3761,,677.1,-1.0,678.9,0.0,490800,0.0,363735,-68.0,28-Aug-0019,680.7,678.9,490800,1153969,28-Aug-0019
FUTSTK,HINDPETRO,29-Aug-0019,0.0,XX,2792,,265.05,2.0,264.8,0.0,2797200,0.0,2668968,-25.0,28-Aug-0019,259.75,264.8,2797200,3546631,28-Aug-0019
FUTSTK,BEL,29-Aug-0019,0.0,XX,2604,,103.7,0.0,103.55,0.0,8970000,0.0,4690003,28.0,28-Aug-0019,103.65,103.55,8970000,3662754,28-Aug-0019
FUTSTK,HEROMOTOCO,29-Aug-0019,0.0,XX,7401,,2568.5,-2.0,2574.3,0.0,564200,0.0,140610,-97.0,28-Aug-0019,2614.45,2574.3,564200,4299038,28-Aug-0019
FUTSTK,HINDUNILVR,29-Aug-0019,0.0,XX,15095,,1828.1,-2.0,1830.85,0.0,5649000,0.0,1204383,-30.0,28-Aug-0019,1861.4,1830.85,5649000,1732164,28-Aug-0019
FUTSTK,IDBI,29-Aug-0019,0.0,XX,1424,,26.75,-9.0,26.15,0.0,3948000,0.0,2730032,52.0,28-Aug-0019,29.55,26.15,3948000,1798705,28-Aug-0019
FUTSTK,RAMCOCEM,29-Aug-0019,0.0,XX,1266,,751.75,-1.0,753.35,0.0,349600,0.0,49296,-72.0,28-Aug-0019,760.85,753.35,349600,176136,28-Aug-0019
FUTSTK,TITAN,29-Aug-0019,0.0,XX,7037,,1110.95,-1.0,1111.2,0.0,2650500,0.0,477592,-51.0,28-Aug-0019,1123.7,1111.2,2650500,983293,28-Aug-0019
FUTSTK,POWERGRID,29-Aug-0019,0.0,XX,4662,,205.75,0.0,206.2,0.0,5652000,0.0,3083433,-56.0,28-Aug-0019,206.55,206.2,5652000,7069945,28-Aug-0019
FUTSTK,BATAINDIA,29-Aug-0019,0.0,XX,3326,,1507.7,0.0,1509.45,0.0,651750,0.0,106650,-52.0,28-Aug-0019,1509.1,1509.45,651750,221558,28-Aug-0019
FUTSTK,INFY,29-Aug-0019,0.0,XX,16768,,802.5,2.0,800.8,0.0,12952800,0.0,2578179,-78.0,28-Aug-0019,784.65,800.8,12952800,11517935,28-Aug-0019
FUTSTK,KAJARIACER,29-Aug-0019,0.0,XX,715,,472.05,-2.0,471.2,0.0,713700,0.0,141737,26.0,28-Aug-0019,481.2,471.2,713700,112620,28-Aug-0019
FUTSTK,DABUR,29-Aug-0019,0.0,XX,3144,,434.8,-1.0,435.05,0.0,2148750,0.0,822057,-49.0,28-Aug-0019,440.15,435.05,2148750,1613324,28-Aug-0019
FUTSTK,APOLLOHOSP,29-Aug-0019,0.0,XX,4232,,1521.4,3.0,1512.65,0.0,406500,0.0,427475,194.0,28-Aug-0019,1475.55,1512.65,406500,145459,28-Aug-0019
FUTSTK,TECHM,29-Aug-0019,0.0,XX,3775,,690.2,2.0,687.6,0.0,4837200,0.0,1733113,-20.0,28-Aug-0019,676.35,687.6,4837200,2154733,28-Aug-0019
FUTSTK,BANKBARODA,29-Aug-0019,0.0,XX,8716,,94.5,-3.0,94.65,0.0,22644000,0.0,4435153,-13.0,28-Aug-0019,97.3,94.65,22644000,5083350,28-Aug-0019
FUTSTK,TATAELXSI,29-Aug-0019,0.0,XX,2102,,648.6,0.0,647.45,0.0,667800,0.0,163301,-12.0,28-Aug-0019,651.75,647.45,667800,185103,28-Aug-0019
FUTSTK,IGL,29-Aug-0019,0.0,XX,2704,,333.05,1.0,333.5,0.0,1743500,0.0,535909,-22.0,28-Aug-0019,330.05,333.5,1743500,684773,28-Aug-0019
FUTSTK,CHOLAFIN,29-Aug-0019,0.0,XX,849,,266.45,-1.0,265.8,0.0,895000,0.0,645333,-23.0,28-Aug-0019,270.2,265.8,895000,836259,28-Aug-0019
FUTSTK,ESCORTS,29-Aug-0019,0.0,XX,3683,,492.75,-1.0,491.25,0.0,1331000,0.0,364848,-19.0,28-Aug-0019,495.55,491.25,1331000,451868,28-Aug-0019
FUTSTK,JUSTDIAL,29-Aug-0019,0.0,XX,2534,,704.2,2.0,705.05,0.0,890400,0.0,148109,-47.0,28-Aug-0019,687.8,705.05,890400,281432,28-Aug-0019
FUTSTK,AXISBANK,29-Aug-0019,0.0,XX,16679,,678.2,-1.0,678.5,0.0,15343200,0.0,2028943,-65.0,28-Aug-0019,682.95,678.5,15343200,5808408,28-Aug-0019
FUTSTK,SUNTV,29-Aug-0019,0.0,XX,3250,,441.8,-2.0,441.65,0.0,1118000,0.0,137328,-16.0,28-Aug-0019,451.1,441.65,1118000,163186,28-Aug-0019
FUTSTK,AUROPHARMA,29-Aug-0019,0.0,XX,7160,,591.1,0.0,590.15,0.0,2828000,0.0,561115,-49.0,28-Aug-0019,588.35,590.15,2828000,1101682,28-Aug-0019
FUTSTK,SRF,29-Aug-0019,0.0,XX,1871,,2775.75,-1.0,2775.15,0.0,351750,0.0,57745,-38.0,28-Aug-0019,2806.45,2775.15,351750,93374,28-Aug-0019
FUTSTK,INDUSINDBK,29-Aug-0019,0.0,XX,19386,,1365.85,-1.0,1366.9,0.0,3919200,0.0,3967522,234.0,28-Aug-0019,1386.1,1366.9,3919200,1186140,28-Aug-0019
FUTSTK,HAVELLS,29-Aug-0019,0.0,XX,3582,,666.2,1.0,666.85,0.0,1380000,0.0,248446,-64.0,28-Aug-0019,660.45,666.85,1380000,682383,28-Aug-0019
FUTSTK,UNIONBANK,29-Aug-0019,0.0,XX,3125,,60.3,-4.0,60.5,0.0,6972000,0.0,1284632,-79.0,28-Aug-0019,62.65,60.5,6972000,5990492,28-Aug-0019
FUTSTK,IOC,29-Aug-0019,0.0,XX,8355,,122.9,-2.0,122.9,0.0,27090000,0.0,5947527,-40.0,28-Aug-0019,125.75,122.9,27090000,9934585,28-Aug-0019
FUTSTK,BPCL,29-Aug-0019,0.0,XX,4543,,350.55,2.0,350.65,0.0,4438800,0.0,2221729,24.0,28-Aug-0019,342.3,350.65,4438800,1790710,28-Aug-0019
FUTSTK,BAJAJ-AUTO,29-Aug-0019,0.0,XX,4319,,2766.75,0.0,2767.3,0.0,689250,0.0,82656,-60.0,28-Aug-0019,2766.5,2767.3,689250,208815,28-Aug-0019
FUTSTK,INFRATEL,29-Aug-0019,0.0,XX,2188,,248.8,2.0,248.8,0.0,944000,0.0,335538,-64.0,28-Aug-0019,245.05,248.8,944000,942800,28-Aug-0019
FUTSTK,APOLLOTYRE,29-Aug-0019,0.0,XX,2404,,168.55,-2.0,167.65,0.0,1380000,0.0,679564,69.0,28-Aug-0019,172.0,167.65,1380000,402954,28-Aug-0019
FUTSTK,PFC,29-Aug-0019,0.0,XX,2906,,103.3,-2.0,103.25,0.0,12995200,0.0,3219772,-15.0,28-Aug-0019,105.35,103.25,12995200,3798998,28-Aug-0019
FUTSTK,TATAPOWER,29-Aug-0019,0.0,XX,2414,Hammer,55.45,0.0,55.2,0.0,19233000,0.0,2303029,-53.0,28-Aug-0019,55.35,55.2,19233000,4901593,28-Aug-0019
FUTSTK,PEL,29-Aug-0019,0.0,XX,4483,,1895.6,-3.0,1898.4,0.0,503132,0.0,160432,-54.0,28-Aug-0019,1950.0,1898.4,503132,349573,28-Aug-0019
FUTSTK,DISHTV,29-Aug-0019,0.0,XX,4053,,23.0,-5.0,23.05,0.0,29946000,0.0,2129985,-61.0,28-Aug-0019,24.3,23.05,29946000,5516188,28-Aug-0019
FUTSTK,BHEL,29-Aug-0019,0.0,XX,2378,,51.35,-3.0,51.3,0.0,8100000,0.0,4926248,20.0,28-Aug-0019,52.7,51.3,8100000,4098001,28-Aug-0019
FUTSTK,NCC,29-Aug-0019,0.0,XX,3701,,59.25,-1.0,59.1,0.0,11184000,0.0,1181361,-62.0,28-Aug-0019,59.9,59.1,11184000,3144102,28-Aug-0019
FUTSTK,HINDZINC,29-Aug-0019,0.0,XX,824,,210.85,-1.0,210.35,0.0,1942400,0.0,272683,-28.0,28-Aug-0019,213.15,210.35,1942400,378158,28-Aug-0019
FUTSTK,COALINDIA,29-Aug-0019,0.0,XX,11979,,185.05,-4.0,184.7,0.0,14854400,0.0,4530903,-34.0,28-Aug-0019,191.85,184.7,14854400,6871538,28-Aug-0019
FUTSTK,CASTROLIND,29-Aug-0019,0.0,XX,1093,,123.8,-3.0,123.75,0.0,2414000,0.0,431511,-65.0,28-Aug-0019,127.15,123.75,2414000,1240516,28-Aug-0019
FUTSTK,RELIANCE,29-Aug-0019,0.0,XX,30819,,1263.3,-1.0,1263.55,0.0,12760000,0.0,1838944,-77.0,28-Aug-0019,1274.85,1263.55,12760000,7846459,28-Aug-0019
FUTSTK,ZEEL,29-Aug-0019,0.0,XX,7677,,364.2,0.0,361.65,0.0,5471700,0.0,1318039,-18.0,28-Aug-0019,363.75,361.65,5471700,1611496,28-Aug-0019
FUTSTK,HINDALCO,29-Aug-0019,0.0,XX,4668,,178.4,-2.0,178.4,0.0,8550500,0.0,1382679,-40.0,28-Aug-0019,181.2,178.4,8550500,2291237,28-Aug-0019
FUTSTK,DHFL,29-Aug-0019,0.0,XX,2793,Hammer,48.4,0.0,48.5,0.0,3748000,0.0,2074834,-54.0,28-Aug-0019,48.35,48.5,3748000,4525840,28-Aug-0019
FUTSTK,LT,29-Aug-0019,0.0,XX,13928,,1344.65,-1.0,1345.1,0.0,3636000,0.0,1156367,-64.0,28-Aug-0019,1356.95,1345.1,3636000,3228796,28-Aug-0019
FUTSTK,BHARATFORG,29-Aug-0019,0.0,XX,2883,,389.65,-1.0,389.55,0.0,1723200,0.0,233616,-51.0,28-Aug-0019,395.3,389.55,1723200,474925,28-Aug-0019
FUTSTK,TVSMOTOR,29-Aug-0019,0.0,XX,4397,,359.75,-3.0,359.7,0.0,1895300,0.0,286642,-66.0,28-Aug-0019,370.35,359.7,1895300,855309,28-Aug-0019
FUTSTK,M&M,29-Aug-0019,0.0,XX,8844,,539.7,-3.0,539.6,0.0,4746000,0.0,1540123,-22.0,28-Aug-0019,554.05,539.6,4746000,1981965,28-Aug-0019
FUTSTK,YESBANK,29-Aug-0019,0.0,XX,58659,,59.5,-8.0,59.6,0.0,62961800,0.0,24802738,-5.0,28-Aug-0019,64.5,59.6,62961800,26032687,28-Aug-0019
FUTSTK,GLENMARK,29-Aug-0019,0.0,XX,2708,,378.4,1.0,377.6,0.0,1193000,0.0,208027,-75.0,28-Aug-0019,374.85,377.6,1193000,841472,28-Aug-0019
FUTSTK,ONGC,29-Aug-0019,0.0,XX,7062,,121.2,-4.0,120.95,0.0,22222500,0.0,6312447,-42.0,28-Aug-0019,125.6,120.95,22222500,10977950,28-Aug-0019
FUTSTK,ADANIPOWER,29-Aug-0019,0.0,XX,2448,,59.25,-1.0,59.1,0.0,21760000,0.0,1010539,5.0,28-Aug-0019,59.95,59.1,21760000,966030,28-Aug-0019
FUTSTK,MARICO,29-Aug-0019,0.0,XX,1597,,390.95,1.0,390.1,0.0,1656200,0.0,742600,-60.0,28-Aug-0019,385.9,390.1,1656200,1855826,28-Aug-0019
FUTSTK,KOTAKBANK,29-Aug-0019,0.0,XX,11267,,1483.65,-1.0,1487.4,0.0,3484800,0.0,1283704,-13.0,28-Aug-0019,1501.55,1487.4,3484800,1477762,28-Aug-0019
FUTSTK,MARUTI,29-Aug-0019,0.0,XX,27781,,6103.4,-3.0,6118.15,0.0,828600,0.0,341367,20.0,28-Aug-0019,6277.75,6118.15,828600,285385,28-Aug-0019
FUTSTK,NBCC,29-Aug-0019,0.0,XX,2674,,35.95,-2.0,35.95,0.0,10854500,0.0,3489476,-50.0,28-Aug-0019,36.85,35.95,10854500,6927580,28-Aug-0019
FUTSTK,UBL,29-Aug-0019,0.0,XX,861,,1329.4,-1.0,1330.45,0.0,436800,0.0,67602,11.0,28-Aug-0019,1347.45,1330.45,436800,60949,28-Aug-0019
FUTSTK,RBLBANK,29-Aug-0019,0.0,XX,32951,,313.85,-12.0,313.55,0.0,4454400,0.0,4608435,103.0,28-Aug-0019,356.75,313.55,4454400,2266178,28-Aug-0019
FUTSTK,NIITTECH,29-Aug-0019,0.0,XX,2607,,1523.4,6.0,1524.5,0.0,579750,0.0,132089,58.0,28-Aug-0019,1441.7,1524.5,579750,83579,28-Aug-0019
FUTSTK,MRF,29-Aug-0019,0.0,XX,1110,,57924.5,-2.0,58049.45,0.0,6060,0.0,775,-22.0,28-Aug-0019,58871.5,58049.45,6060,994,28-Aug-0019
FUTSTK,CANBK,29-Aug-0019,0.0,XX,5274,,226.9,-1.0,227.25,0.0,2810000,0.0,382093,-27.0,28-Aug-0019,229.55,227.25,2810000,526101,28-Aug-0019
FUTSTK,ACC,29-Aug-0019,0.0,XX,3668,,1542.35,0.0,1540.75,0.0,386000,0.0,129571,-32.0,28-Aug-0019,1539.6,1540.75,386000,190228,28-Aug-0019
FUTSTK,TATAGLOBAL,29-Aug-0019,0.0,XX,4977,,280.05,5.0,279.75,0.0,2376000,0.0,1334828,85.0,28-Aug-0019,266.4,279.75,2376000,721647,28-Aug-0019
FUTSTK,ASIANPAINT,29-Aug-0019,0.0,XX,4127,,1603.15,0.0,1603.7,0.0,1752600,0.0,191713,-80.0,28-Aug-0019,1599.45,1603.7,1752600,953752,28-Aug-0019
FUTSTK,HCLTECH,29-Aug-0019,0.0,XX,6512,,1123.95,3.0,1120.1,0.0,3320100,0.0,1816445,-24.0,28-Aug-0019,1093.1,1120.1,3320100,2378927,28-Aug-0019
FUTSTK,SAIL,29-Aug-0019,0.0,XX,5026,,31.1,-5.0,31.0,0.0,36492000,0.0,3629729,9.0,28-Aug-0019,32.85,31.0,36492000,3339521,28-Aug-0019
